model,dataset,instances,mean_ms,p95_ms,p99_ms,throughput_inst_per_s,acc,f1,precision,recall
lstm-du,DU,100,1.991,2.262,3.051,50220.03,0.97,0.972477,0.946429,1.0
lstm-du,DU,200,2.741,2.997,3.498,72971.74,0.955,0.958525,0.920354,1.0
lstm-du,DU,300,3.412,3.917,4.317,87935.47,0.946667,0.949686,0.904192,1.0
lstm-du,DU,400,3.998,4.342,4.436,100054.07,0.9375,0.940618,0.891892,0.994975
lstm-du,DU,500,4.723,5.611,6.069,105861.23,0.936,0.93985,0.88968,0.996016
lstm-du,DU,600,5.269,5.89,6.32,113867.02,0.93,0.932476,0.876133,0.996564
lstm-du,DU,700,5.974,6.61,6.982,117174.18,0.932857,0.936401,0.882653,0.997118
lstm-du,DU,800,6.309,6.999,7.792,126812.37,0.935,0.938534,0.886161,0.997487
lstm-du,DU,900,7.216,8.207,8.841,124729.3,0.932222,0.935722,0.880952,0.997753
lstm-du,DU,1000,8.004,9.346,10.207,124943.01,0.934,0.937618,0.884135,0.997988
lstm-du,DU,1100,8.748,9.739,9.986,125747.29,0.930909,0.934142,0.87785,0.998148
lstm-du,DU,1200,9.442,10.514,11.836,127089.8,0.931667,0.935024,0.879285,0.998308
lstm-du,DU,1300,9.431,10.045,11.108,137842.01,0.929231,0.931852,0.874826,0.99683
lstm-du,DU,1400,52.116,53.804,54.631,26862.92,0.93,0.9326,0.875969,0.997059
lstm-du,DU,1500,53.5,55.247,56.704,28037.29,0.932667,0.934881,0.879854,0.997249
lstm-du,DU,1600,53.717,55.5,55.753,29785.64,0.9325,0.934783,0.879545,0.997423
lstm-du,DU,1700,54.428,56.842,58.102,31234.01,0.931765,0.93379,0.877682,0.997561
lstm-du,DU,1800,55.107,57.034,57.445,32663.95,0.931667,0.933261,0.877551,0.996524
lstm-du,DU,1900,55.749,57.553,58.274,34081.05,0.932632,0.934359,0.880193,0.995628
lstm-du,DU,2000,55.87,58.411,58.997,35797.58,0.932,0.933788,0.87901,0.995846
lstm-du,DU,2100,56.785,59.202,60.84,36981.51,0.931429,0.933641,0.878578,0.996067
lstm-du,DU,2200,57.696,59.731,61.085,38130.68,0.93,0.932397,0.876238,0.996248
lstm-du,DU,2300,58.455,60.616,61.195,39346.23,0.92913,0.931771,0.875,0.996419
lstm-du,DU,2400,59.506,62.022,62.833,40331.99,0.929583,0.932535,0.876219,0.996587
lstm-du,DU,2500,60.034,62.994,63.357,41642.97,0.9296,0.932927,0.876791,0.996743
lstm-du,DU,2600,60.068,62.165,63.063,43284.29,0.93,0.933577,0.878434,0.996106
lstm-du,DU,2700,61.128,63.232,65.223,44169.64,0.928889,0.932442,0.876323,0.996241
lstm-du,DU,2800,61.029,64.864,67.426,45880.2,0.9275,0.930693,0.873158,0.996345
lstm-du,DU,2900,61.464,64.934,66.089,47181.89,0.926897,0.930171,0.872143,0.996471
lstm-du,DU,3000,61.789,65.19,67.324,48552.17,0.927333,0.930794,0.873139,0.996601
lstm-du,DU,3100,62.545,65.425,67.382,49564.28,0.927419,0.930748,0.872979,0.996704
lstm-du,DU,3200,63.665,67.426,68.78,50262.74,0.926875,0.930274,0.872067,0.996807
lstm-du,DU,3300,63.83,67.007,68.82,51699.55,0.92697,0.930647,0.872639,0.996917
lstm-du,DU,3400,63.586,68.074,69.881,53470.8,0.925882,0.929491,0.870545,0.996999
lstm-du,DU,3500,64.932,68.104,69.054,53902.53,0.926,0.929715,0.870869,0.99709
lstm-du,DU,3600,65.278,69.034,70.147,55148.33,0.925278,0.929155,0.869822,0.997174
lstm-du,DU,3700,65.15,70.062,71.694,56791.69,0.924595,0.928517,0.868648,0.997248
lstm-du,DU,3800,66.126,70.651,72.767,57465.64,0.925,0.928945,0.869342,0.997323
lstm-du,DU,3900,66.524,70.301,71.24,58625.82,0.925641,0.929543,0.870337,0.997393
lstm-du,DU,4000,67.114,71.988,72.764,59600.22,0.92575,0.929571,0.870337,0.997455
lstm-du,DU,4100,67.204,71.055,73.832,61008.37,0.926098,0.930007,0.871051,0.997522
lstm-du,DU,4200,68.296,72.963,75.193,61497.22,0.926429,0.93039,0.871676,0.997585
lstm-du,DU,4300,67.679,72.041,73.56,63535.14,0.926977,0.930898,0.872525,0.997642
lstm-du,DU,4400,68.967,73.531,74.348,63798.78,0.926818,0.93099,0.873693,0.99633
lstm-du,DU,4500,69.332,73.829,74.467,64904.88,0.924889,0.929229,0.870537,0.996408
lstm-du,DU,4600,70.882,77.416,80.257,64896.68,0.925217,0.929421,0.871154,0.996042
lstm-du,DU,4700,70.518,75.18,76.983,66649.66,0.925745,0.930046,0.872508,0.995708
lstm-du,DU,4800,70.809,75.166,77.377,67788.39,0.926458,0.930662,0.873525,0.995797
lstm-du,DU,4900,71.598,76.853,78.96,68438.04,0.926939,0.931048,0.874141,0.99588
lstm-du,DU,5000,72.506,78.996,80.081,68960.0,0.9272,0.931527,0.874912,0.995977
lstm-du,DU,5100,72.904,78.533,82.583,69955.21,0.925686,0.93019,0.872495,0.996055
lstm-du,DU,5200,73.154,78.021,79.021,71082.96,0.925192,0.929771,0.871995,0.995746
lstm-du,DU,5300,74.38,79.897,80.851,71255.61,0.92434,0.928888,0.870389,0.995817
lstm-du,DU,5400,75.149,80.985,81.8,71856.88,0.924815,0.929318,0.871084,0.995896
lstm-du,DU,5500,75.326,80.481,82.298,73016.26,0.925273,0.929756,0.871795,0.995972
lstm-du,DU,5600,76.243,81.655,82.776,73449.62,0.924821,0.929422,0.87115,0.996047
lstm-du,DU,5700,76.468,81.878,82.663,74540.85,0.924912,0.929605,0.871415,0.996123
lstm-du,DU,5800,76.817,81.979,84.147,75503.97,0.925517,0.930278,0.87254,0.996198
lstm-du,DU,5900,77.24,83.003,84.708,76385.39,0.925593,0.930218,0.872391,0.996255
lstm-du,DU,6000,78.23,84.816,85.425,76697.03,0.925833,0.930371,0.872615,0.996314
lstm-du,DU,6100,78.12,84.831,85.93,78084.96,0.925738,0.930447,0.872947,0.996055
lstm-du,DU,6200,78.815,85.864,86.171,78664.77,0.925806,0.930408,0.872836,0.996113
lstm-du,DU,6300,79.474,85.147,85.819,79271.21,0.925714,0.930336,0.873149,0.99554
lstm-du,DU,6400,76.489,85.304,86.003,83672.05,0.926094,0.930615,0.873589,0.995606
lstm-du,DU,6500,77.314,85.249,86.478,84072.53,0.926,0.930542,0.873407,0.995674
lstm-du,DU,6600,75.41,85.115,85.569,87521.51,0.926061,0.930445,0.873194,0.995729
lstm-du,DU,6700,76.687,86.315,86.563,87367.6,0.925522,0.929866,0.872133,0.995786
lstm-du,DU,6800,45.794,49.143,53.202,148490.79,0.925,0.929461,0.871595,0.995556
lstm-du,DU,6900,45.78,48.056,50.772,150719.51,0.924638,0.92902,0.870778,0.995611
lstm-du,DU,7000,46.988,50.455,52.142,148974.5,0.924714,0.929195,0.871033,0.995681
lstm-du,DU,7100,47.538,50.69,51.774,149354.73,0.924789,0.929234,0.871056,0.99574
lstm-du,DU,7200,48.17,51.42,53.124,149471.18,0.925,0.929449,0.8716,0.995522
lstm-du,DU,7300,48.407,51.396,52.36,150805.26,0.924932,0.929345,0.871373,0.99558
lstm-du,DU,7400,49.684,53.391,54.767,148940.52,0.92473,0.929198,0.871068,0.995642
lstm-du,DU,7500,49.723,52.163,56.058,150834.4,0.924933,0.929475,0.871711,0.995439
lstm-du,DU,7600,51.006,55.717,58.669,149001.38,0.924868,0.929463,0.87164,0.995501
lstm-du,DU,7700,51.317,54.904,59.598,150046.86,0.924545,0.929258,0.871432,0.995305
lstm-du,DU,7800,51.613,54.351,57.929,151123.76,0.924872,0.929516,0.872038,0.995107
lstm-du,DU,7900,52.864,57.517,59.852,149440.5,0.924684,0.929494,0.872137,0.994926
lstm-du,DU,8000,52.49,55.003,56.832,152409.49,0.924625,0.929383,0.871896,0.994985
lstm-du,DU,8100,53.684,57.337,58.278,150883.36,0.924815,0.929506,0.872068,0.995043
lstm-du,DU,8200,53.917,57.348,60.052,152084.45,0.925244,0.929855,0.872637,0.995102
lstm-du,DU,8300,54.74,58.619,61.014,151626.18,0.925301,0.930023,0.873066,0.994929
lstm-du,DU,8400,55.376,59.682,61.891,151691.53,0.925357,0.929999,0.873166,0.994746
lstm-du,DU,8500,55.84,59.416,61.474,152220.74,0.926,0.93052,0.87404,0.994804
lstm-du,DU,8600,56.575,59.789,62.956,152010.34,0.926395,0.930888,0.874641,0.994866
lstm-du,DU,8700,57.54,60.663,63.43,151198.02,0.926552,0.93112,0.875177,0.994703
lstm-du,DU,8800,57.67,62.994,64.597,152593.34,0.926477,0.931221,0.8753,0.994776
lstm-du,DU,8900,58.631,62.651,65.181,151796.81,0.926854,0.931654,0.876012,0.994843
lstm-du,DU,9000,59.181,63.613,65.697,152074.71,0.927444,0.932128,0.876809,0.994897
lstm-du,DU,9100,59.145,62.63,63.948,153860.02,0.927033,0.931645,0.875919,0.994943
lstm-du,DU,9200,60.563,64.482,68.863,151907.34,0.927283,0.931881,0.876293,0.994999
lstm-du,DU,9300,61.64,65.85,68.486,150876.26,0.927204,0.931939,0.876347,0.995062
lstm-du,DU,9400,61.088,63.301,64.281,153875.12,0.927447,0.932274,0.877055,0.994913
lstm-du,DU,9500,62.268,65.78,68.8,152566.74,0.927474,0.932258,0.876989,0.994963
lstm-du,DU,9600,62.421,66.085,68.076,153793.63,0.927083,0.931854,0.876236,0.99501
lstm-du,DU,9700,63.047,66.587,70.086,153853.99,0.927216,0.931906,0.876292,0.995057
lstm-du,DU,9800,63.185,65.665,66.948,155099.89,0.927245,0.93192,0.876279,0.995106
lstm-du,DU,9900,64.764,68.088,71.457,152863.59,0.926869,0.931504,0.875511,0.995149
lstm-du,DU,10000,64.888,69.692,70.753,154111.26,0.927,0.931788,0.875966,0.99521
lstm-du,DU,10100,66.33,69.844,72.965,152269.19,0.927228,0.932039,0.876369,0.995261
lstm-du,DU,10200,66.498,70.267,73.636,153388.32,0.927549,0.932332,0.876852,0.995308
lstm-du,DU,10300,66.806,71.575,72.237,154178.92,0.927767,0.932621,0.877322,0.995361
lstm-du,DU,10400,67.705,73.534,74.189,153607.98,0.927692,0.932616,0.877276,0.995409
lstm-du,DU,10500,67.845,72.104,73.424,154764.45,0.928,0.932872,0.877694,0.995452
lstm-du,DU,10600,68.012,70.502,73.519,155855.75,0.928396,0.933251,0.878331,0.995497
lstm-du,DU,10700,69.089,72.963,75.103,154872.58,0.928318,0.933194,0.878341,0.995355
lstm-du,DU,10800,69.807,74.13,76.32,154713.04,0.928611,0.933425,0.878862,0.995213
lstm-du,DU,10900,70.614,75.22,77.811,154360.44,0.928624,0.933436,0.878988,0.995075
lstm-du,DU,11000,70.923,73.989,76.025,155098.54,0.928182,0.933074,0.878309,0.995121
lstm-du,DU,11100,71.476,75.112,76.193,155297.8,0.928378,0.933188,0.878481,0.99516
lstm-du,DU,11200,71.88,76.951,80.528,155816.02,0.928214,0.933145,0.878366,0.995211
lstm-du,DU,11300,73.207,78.341,82.043,154357.39,0.928053,0.93296,0.87828,0.9949
lstm-du,DU,11400,73.226,77.988,80.509,155682.26,0.927982,0.93293,0.878326,0.994774
lstm-du,DU,11500,73.967,79.756,80.992,155473.92,0.927565,0.93249,0.877517,0.994812
lstm-du,DU,11600,74.815,80.34,84.056,155048.39,0.927586,0.932454,0.877554,0.994682
lstm-du,DU,11700,75.332,79.841,83.114,155313.23,0.927436,0.932302,0.877383,0.994556
lstm-du,DU,11800,75.988,80.603,85.2,155287.38,0.927881,0.932754,0.878143,0.994607
lstm-du,DU,11900,76.469,81.738,82.491,155618.8,0.927983,0.932916,0.87839,0.994659
lstm-du,DU,12000,76.844,80.911,86.016,156160.26,0.927917,0.93293,0.878376,0.994709
lstm-du,DU,12100,78.256,83.465,84.89,154620.5,0.927934,0.932964,0.878402,0.994754
lstm-du,DU,12200,77.793,82.373,87.311,156825.46,0.927705,0.932703,0.878035,0.99463
lstm-du,DU,12300,78.796,84.337,89.187,156100.19,0.927724,0.932769,0.878115,0.994677
lstm-du,DU,12400,79.474,84.835,86.145,156026.26,0.927823,0.932873,0.878266,0.994722
lstm-du,DU,12500,80.21,85.02,86.293,155840.43,0.9276,0.932609,0.877768,0.994758
lstm-du,DU,12600,81.359,85.871,89.515,154869.01,0.927778,0.932792,0.878181,0.994645
lstm-du,DU,12700,80.908,86.27,88.017,156967.8,0.927874,0.932815,0.878194,0.994682
lstm-du,DU,12800,81.792,86.365,90.092,156493.59,0.927734,0.932624,0.877828,0.994717
lstm-du,DU,12900,82.205,87.114,89.847,156924.69,0.927829,0.932804,0.878228,0.994613
lstm-du,DU,13000,82.836,87.387,89.361,156936.72,0.927846,0.932798,0.878187,0.994652
lstm-du,DU,13100,83.539,88.776,93.913,156813.1,0.92771,0.932641,0.877997,0.994539
lstm-du,DU,13200,84.288,90.801,95.114,156606.42,0.927727,0.932589,0.877994,0.994424
lstm-du,DU,13300,84.846,89.362,92.474,156754.01,0.92812,0.932922,0.878552,0.994465
lstm-du,DU,13400,85.3,90.912,94.019,157091.9,0.928209,0.933018,0.878689,0.994508
lstm-du,DU,13500,86.474,93.059,95.142,156116.18,0.927926,0.932697,0.878093,0.994542
lstm-du,DU,13600,86.703,91.78,96.474,156858.17,0.927868,0.932656,0.877989,0.994583
lstm-du,DU,13700,87.993,92.875,94.733,155694.23,0.927883,0.932707,0.878046,0.994625
lstm-du,DU,13800,88.787,94.869,99.603,155428.97,0.927681,0.93254,0.87772,0.994665
lstm-du,DU,13900,88.053,93.23,94.1,157859.84,0.927698,0.932564,0.877731,0.994704
lstm-du,DU,14000,88.685,94.434,96.607,157862.57,0.927857,0.932676,0.878012,0.994598
lstm-du,DU,14100,90.029,98.513,104.348,156616.61,0.927943,0.932778,0.878161,0.994638
lstm-du,DU,14200,90.611,94.819,98.924,156713.5,0.927887,0.932755,0.8782,0.994539
lstm-du,DU,14300,90.351,94.78,96.535,158271.75,0.928182,0.932959,0.878535,0.994572
lstm-du,DU,14400,92.507,98.15,103.49,155664.45,0.928403,0.933204,0.878936,0.994614
lstm-du,DU,14500,92.423,97.804,99.223,156887.75,0.92869,0.933488,0.879409,0.994654
lstm-du,DU,14600,92.333,95.729,98.547,158123.62,0.928493,0.933342,0.87912,0.994692
lstm-du,DU,14700,93.823,100.911,103.049,156678.71,0.928435,0.933232,0.879005,0.994589
lstm-du,DU,14800,93.68,98.389,99.074,157985.34,0.928446,0.933224,0.878964,0.994624
lstm-du,DU,14900,94.831,100.381,102.93,157122.21,0.928456,0.933216,0.878924,0.994658
lstm-du,DU,15000,95.446,101.128,105.5,157157.2,0.928333,0.933101,0.878692,0.994693
lstm-du,DU,15100,95.732,101.09,102.981,157731.32,0.928411,0.933193,0.878827,0.99473
lstm-du,DU,15200,96.706,104.938,110.633,157177.25,0.928289,0.933129,0.878683,0.994768
lstm-du,DU,15300,96.758,102.049,105.82,158126.4,0.928366,0.933171,0.878833,0.99467
lstm-du,DU,15400,97.606,103.533,106.718,157777.37,0.928052,0.932857,0.878252,0.994701
lstm-du,DU,15500,97.974,106.597,108.14,158205.15,0.928129,0.932908,0.878317,0.994734
lstm-du,DU,15600,97.815,103.472,104.876,159484.24,0.928205,0.932966,0.878395,0.994767
lstm-du,DU,15700,99.636,104.901,112.105,157573.68,0.927771,0.9325,0.877647,0.994667
lstm-du,DU,15800,99.839,105.921,110.019,158254.56,0.927848,0.9326,0.877796,0.994703
lstm-du,DU,15900,100.524,106.276,112.872,158171.75,0.927862,0.932589,0.877752,0.994734
lstm-du,DU,16000,101.626,107.765,109.497,157440.13,0.928,0.932742,0.877995,0.99477
lstm-du,DU,16100,101.531,107.166,108.65,158572.45,0.927888,0.932629,0.877772,0.994801
lstm-du,DU,16200,102.465,108.204,111.252,158103.08,0.927593,0.932396,0.877427,0.994712
lstm-du,DU,16300,103.249,109.762,116.213,157870.87,0.927178,0.93202,0.876832,0.994622
lstm-du,DU,16400,103.342,109.11,111.556,158696.52,0.927073,0.931898,0.876687,0.994531
lstm-du,DU,16500,104.338,115.162,117.323,158139.52,0.927091,0.931999,0.876928,0.994451
lstm-du,DU,16600,104.051,110.698,113.951,159536.71,0.927169,0.932067,0.877022,0.994484
lstm-du,DU,16700,105.275,111.587,112.119,158631.67,0.927425,0.932343,0.877482,0.994522
lstm-du,DU,16800,106.132,112.406,115.824,158292.96,0.92744,0.932327,0.877429,0.994552
lstm-du,DU,16900,106.56,113.095,118.56,158595.99,0.927574,0.932465,0.877649,0.994586
lstm-du,DU,17000,108.369,116.657,122.122,156871.72,0.927647,0.932529,0.877827,0.994501
lstm-du,DU,17100,108.335,114.843,117.586,157843.17,0.92731,0.932177,0.877182,0.994528
lstm-du,DU,17200,107.812,113.433,114.652,159537.37,0.927616,0.932399,0.877555,0.994556
lstm-du,DU,17300,108.523,114.802,117.888,159413.74,0.927457,0.93229,0.877335,0.99459
lstm-du,DU,17400,109.249,114.566,117.954,159269.53,0.927529,0.932353,0.877423,0.994621
lstm-du,DU,17500,110.564,118.276,121.779,158279.94,0.927543,0.932373,0.877434,0.994652
lstm-du,DU,17600,110.721,115.797,116.975,158958.42,0.927727,0.932513,0.877747,0.994568
lstm-du,DU,17700,111.604,120.82,125.859,158596.77,0.927571,0.932405,0.877618,0.994489
lstm-du,DU,17800,111.733,120.103,123.34,159308.06,0.927697,0.932586,0.877909,0.994526
lstm-du,DU,17900,112.629,117.601,118.875,158929.07,0.927542,0.932409,0.877661,0.994442
lstm-du,DU,18000,113.053,119.61,124.122,159217.82,0.927389,0.932248,0.877354,0.99447
lstm-du,DU,18100,114.215,121.23,129.278,158473.37,0.927293,0.932123,0.877196,0.994388
lstm-du,DU,18200,114.527,120.317,127.063,158915.04,0.927198,0.932069,0.877159,0.994312
lstm-du,DU,18300,114.665,121.13,124.395,159595.2,0.927322,0.932198,0.877363,0.994345
lstm-du,DU,18400,115.952,120.875,134.935,158686.57,0.92712,0.931974,0.877029,0.994263
lstm-du,DU,18500,115.784,121.147,128.725,159779.83,0.927189,0.932001,0.877138,0.994184
lstm-du,DU,18600,117.278,123.241,128.406,158597.35,0.927043,0.931908,0.876948,0.994218
lstm-du,DU,18700,117.154,123.201,126.65,159619.51,0.926952,0.93185,0.876819,0.994251
lstm-du,DU,18800,118.239,124.307,130.18,159000.32,0.926862,0.931779,0.876669,0.994282
lstm-du,DU,18900,118.66,124.75,130.375,159278.79,0.926878,0.931814,0.876706,0.994314
lstm-du,DU,19000,118.94,124.604,126.092,159744.45,0.927105,0.931991,0.876998,0.994342
lstm-du,DU,19100,120.178,128.913,130.587,158930.87,0.926859,0.931677,0.876588,0.994155
lstm-du,DU,19200,119.833,124.437,129.005,160222.48,0.926771,0.931608,0.876442,0.994186
lstm-du,DU,19300,121.212,126.646,129.696,159225.28,0.926891,0.93174,0.87665,0.994218
lstm-du,DU,19400,121.661,129.604,131.68,159459.22,0.926649,0.931524,0.876403,0.994043
lstm-du,DU,19500,122.93,130.394,131.895,158627.11,0.926462,0.931302,0.87607,0.993967
lstm-du,DU,19600,122.917,129.92,133.783,159457.21,0.92648,0.931319,0.876076,0.993997
lstm-du,DU,19700,123.646,131.274,135.712,159325.59,0.92665,0.931455,0.876372,0.993926
lstm-du,DU,19800,124.37,132.244,139.41,159201.82,0.926818,0.931628,0.876654,0.993959
lstm-du,DU,19900,124.562,132.126,136.407,159759.86,0.926734,0.931491,0.876393,0.993983
lstm-du,DU,20000,124.932,133.869,137.601,160087.66,0.9267,0.931476,0.876418,0.993915
lstm-du,DU,20100,126.674,134.597,142.344,158674.84,0.926667,0.931448,0.876422,0.993847
lstm-du,DU,20200,125.849,130.745,132.411,160509.69,0.926634,0.931402,0.876394,0.993777
lstm-du,DU,20300,127.342,133.714,141.92,159413.27,0.92665,0.931405,0.876452,0.993709
lstm-du,DU,20400,127.946,134.724,140.837,159442.06,0.926373,0.931126,0.876014,0.993639
lstm-du,DU,20500,128.842,137.518,143.455,159109.12,0.926146,0.930937,0.875729,0.993574
lstm-du,DU,20600,128.655,135.14,139.017,160118.07,0.926359,0.931174,0.876121,0.99361
lstm-du,DU,20700,129.65,138.048,144.839,159660.25,0.926377,0.931203,0.876147,0.993642
lstm-du,DU,20800,129.996,137.702,139.155,160004.32,0.926202,0.931045,0.875919,0.993576
lstm-du,DU,20900,131.254,138.39,145.413,159233.29,0.926268,0.931141,0.876135,0.993516
lstm-du,DU,21000,130.771,137.606,144.952,160585.58,0.926143,0.931002,0.875868,0.993543
lstm-du,DU,21100,131.577,137.937,140.193,160362.28,0.926161,0.931007,0.875854,0.993573
lstm-du,DU,21200,132.489,141.33,145.17,160012.77,0.926085,0.930954,0.875736,0.993604
lstm-du,DU,21300,133.29,142.246,147.673,159801.6,0.926244,0.931106,0.876052,0.993542
lstm-du,DU,21400,133.906,142.275,146.747,159814.2,0.926215,0.931057,0.875945,0.99357
lstm-du,DU,21500,134.166,143.507,155.8,160249.77,0.926419,0.931181,0.876146,0.993595
lstm-du,DU,21600,135.21,146.032,148.132,159751.09,0.926667,0.931387,0.876559,0.993531
lstm-du,DU,21700,136.01,147.328,151.556,159547.65,0.926452,0.931165,0.876289,0.993374
lstm-du,DU,21800,135.539,142.108,148.331,160838.96,0.926193,0.930935,0.875929,0.993313
lstm-du,DU,21900,137.043,146.397,152.158,159803.34,0.926164,0.930924,0.875884,0.993345
lstm-du,DU,22000,136.753,145.423,149.846,160873.53,0.925773,0.930561,0.87529,0.993282
lstm-du,DU,22100,137.395,144.253,151.905,160850.23,0.925792,0.930603,0.875338,0.993315
lstm-du,DU,22200,140.099,147.416,153.744,158458.82,0.925811,0.930638,0.875376,0.993347
lstm-du,DU,22300,138.575,145.15,151.514,160923.97,0.92583,0.930662,0.875394,0.993377
lstm-du,DU,22400,140.611,148.527,155.365,159304.72,0.925982,0.930778,0.875579,0.993405
lstm-du,DU,22500,139.401,147.574,149.379,161405.07,0.926044,0.930863,0.875704,0.993437
lstm-du,DU,22600,141.009,147.789,155.004,160273.11,0.926062,0.930879,0.87571,0.993466
lstm-du,DU,22700,141.781,148.342,154.7,160106.08,0.925991,0.930762,0.875485,0.993489
lstm-du,DU,22800,141.564,148.742,151.657,161057.94,0.925921,0.930691,0.875473,0.993343
lstm-du,DU,22900,145.432,151.59,154.593,157461.87,0.925983,0.930723,0.875577,0.993283
lstm-du,DU,23000,143.864,151.647,153.668,159873.42,0.926087,0.930804,0.875699,0.993311
lstm-du,DU,23100,146.775,156.113,158.551,157383.34,0.926147,0.93092,0.875943,0.99326
lstm-du,DU,23200,144.885,152.291,159.656,160126.6,0.926121,0.930882,0.875854,0.993287
lstm-du,DU,23300,145.987,153.906,155.664,159602.76,0.926094,0.93086,0.875793,0.993316
lstm-du,DU,23400,145.364,153.378,157.704,160975.47,0.926068,0.930833,0.875724,0.993344
lstm-du,DU,23500,146.26,152.793,154.587,160673.13,0.925872,0.930658,0.875459,0.993287
lstm-du,DU,23600,146.496,152.016,159.053,161096.81,0.925932,0.930701,0.875513,0.993315
lstm-du,DU,23700,148.141,156.35,159.152,159982.43,0.925865,0.930616,0.875344,0.99334
lstm-du,DU,23800,148.183,155.379,167.327,160611.84,0.925798,0.930587,0.875268,0.993371
lstm-du,DU,23900,148.838,155.863,161.03,160577.32,0.925732,0.930537,0.875156,0.993399
lstm-du,DU,24000,149.346,156.879,163.908,160700.7,0.925708,0.930495,0.875064,0.993424
lstm-du,DU,24100,150.355,157.616,168.455,160287.76,0.925768,0.930532,0.87511,0.99345
lstm-du,DU,24200,151.156,160.132,163.653,160099.48,0.925785,0.930538,0.8751,0.993476
lstm-du,DU,24300,151.468,159.885,163.461,160429.95,0.925638,0.930385,0.87481,0.9935
lstm-du,DU,24400,151.046,157.793,161.199,161539.78,0.925574,0.930277,0.874603,0.993521
lstm-du,DU,24500,151.908,158.438,165.455,161282.19,0.925551,0.930259,0.874551,0.993548
lstm-du,DU,24600,152.125,159.685,163.56,161708.63,0.925528,0.930279,0.874562,0.993578
lstm-du,DU,24700,154.039,162.29,166.154,160348.49,0.925628,0.930382,0.874724,0.993605
lstm-du,DU,24800,153.599,161.61,173.53,161459.02,0.925685,0.930461,0.874902,0.993554
lstm-du,DU,24900,153.733,158.833,160.672,161968.92,0.925622,0.930397,0.874832,0.993499
lstm-du,DU,25000,154.942,164.216,170.34,161350.72,0.92592,0.930652,0.875264,0.993524
lstm-du,DU,25100,156.679,164.161,169.279,160200.46,0.925936,0.93073,0.875499,0.993398
lstm-du,DU,25200,157.438,166.527,171.342,160062.73,0.926111,0.930858,0.875769,0.993343
lstm-du,DU,25300,157.255,165.041,167.6,160884.89,0.925968,0.930745,0.875609,0.993292
lstm-du,DU,25400,157.611,166.352,170.988,161156.54,0.925906,0.930666,0.875451,0.993316
lstm-du,DU,25500,158.52,168.019,173.063,160863.11,0.925961,0.930711,0.875509,0.993341
lstm-du,DU,25600,158.288,167.443,173.625,161730.8,0.925937,0.930692,0.875456,0.993367
lstm-du,DU,25700,158.518,165.486,170.414,162126.74,0.925914,0.930653,0.875368,0.993391
lstm-du,DU,25800,160.748,170.915,190.465,160500.15,0.925775,0.930523,0.875119,0.993415
lstm-du,DU,25900,160.973,167.743,200.506,160896.62,0.925753,0.93048,0.875025,0.993438
lstm-du,DU,26000,164.51,176.691,180.253,158045.18,0.925615,0.930316,0.874721,0.993459
lstm-du,DU,26100,162.791,173.933,182.504,160328.35,0.925517,0.930223,0.874595,0.993407
lstm-du,DU,26200,162.119,171.067,181.284,161609.35,0.925573,0.930337,0.874832,0.993363
lstm-du,DU,26300,164.42,176.866,183.705,159956.11,0.925513,0.930262,0.874682,0.993386
lstm-du,DU,26400,169.983,178.62,194.156,155309.23,0.925682,0.930435,0.874967,0.993413
lstm-du,DU,26500,164.321,173.244,175.571,161269.71,0.925736,0.930484,0.875033,0.993438
lstm-du,DU,26600,171.345,183.013,195.227,155242.0,0.925789,0.930576,0.875174,0.993467
lstm-du,DU,26700,166.845,179.156,205.508,160029.19,0.925843,0.930638,0.875321,0.993419
lstm-du,DU,26800,167.015,174.28,176.732,160464.48,0.925858,0.930663,0.875345,0.993444
lstm-du,DU,26900,167.772,176.883,183.284,160336.53,0.925985,0.930779,0.875531,0.993469
lstm-du,DU,27000,166.975,176.314,177.566,161701.07,0.925926,0.930729,0.875481,0.99342
lstm-du,DU,27100,168.117,178.776,180.51,161197.03,0.92583,0.93068,0.875373,0.993447
lstm-du,DU,27200,168.856,177.582,188.937,161084.12,0.925846,0.930713,0.875412,0.993473
lstm-du,DU,27300,169.579,177.21,181.749,160986.68,0.925824,0.930696,0.875362,0.993497
lstm-du,DU,27400,169.725,179.196,181.417,161437.91,0.925693,0.930559,0.87516,0.993446
lstm-du,DU,27500,175.144,193.195,212.656,157013.88,0.925782,0.930585,0.875192,0.993465
lstm-du,DU,27600,178.5,189.972,217.707,154621.42,0.925761,0.930554,0.875175,0.993415
lstm-du,DU,27700,174.761,185.625,214.72,158501.89,0.925776,0.930573,0.875191,0.993439
lstm-du,DU,27800,181.311,191.652,203.456,153327.92,0.925755,0.930514,0.875071,0.993458
lstm-du,DU,27900,175.374,186.673,194.585,159088.95,0.925771,0.930538,0.875095,0.993483
lstm-du,DU,28000,183.598,195.264,202.97,152507.36,0.925893,0.930688,0.875448,0.993369
lstm-du,DU,28100,177.461,187.146,189.382,158344.42,0.925801,0.930613,0.875297,0.993393
lstm-du,DU,28200,178.456,188.139,192.369,158022.43,0.925922,0.93072,0.875468,0.993416
lstm-du,DU,28300,178.277,187.052,189.905,158741.63,0.926007,0.930777,0.875552,0.993437
lstm-du,DU,28400,178.998,186.314,223.3,158661.33,0.925951,0.93072,0.875542,0.99332
lstm-du,DU,28500,179.515,189.646,202.22,158761.02,0.925895,0.930659,0.875417,0.993342
lstm-du,DU,28600,180.398,191.31,194.585,158538.64,0.925839,0.930602,0.875354,0.993295
lstm-du,DU,28700,182.185,192.007,194.013,157531.82,0.925854,0.930621,0.875422,0.993249
lstm-du,DU,28800,181.981,192.755,200.434,158257.9,0.925868,0.930603,0.875375,0.993269
lstm-du,DU,28900,180.861,192.353,198.703,159791.45,0.925882,0.930635,0.875411,0.993295
lstm-du,DU,29000,182.396,194.31,198.301,158994.44,0.925828,0.930584,0.875357,0.993249
lstm-du,DU,29100,183.6,192.897,197.735,158496.77,0.925773,0.930542,0.875265,0.993272
lstm-du,DU,29200,186.768,197.537,210.472,156343.29,0.925719,0.930519,0.875256,0.99323
lstm-du,DU,29300,190.943,202.112,208.624,153448.69,0.925802,0.930601,0.875383,0.993254
lstm-du,DU,29400,185.26,196.641,201.538,158695.87,0.925714,0.930521,0.875224,0.993276
lstm-du,DU,29500,184.943,192.878,198.868,159508.35,0.925729,0.930513,0.875194,0.993297
lstm-du,DU,29600,188.058,202.952,219.333,157397.91,0.925743,0.930513,0.875178,0.993318
lstm-du,DU,29700,188.048,202.381,221.775,157938.53,0.925859,0.930615,0.875341,0.993341
lstm-du,DU,29800,188.413,199.403,205.652,158163.27,0.925805,0.930522,0.875163,0.993358
lstm-du,DU,29900,192.413,206.443,236.023,155395.04,0.925786,0.930524,0.875199,0.993316
lstm-du,DU,30000,190.169,203.075,220.326,157754.17,0.925833,0.93054,0.875213,0.993335
lstm-du,DU,30100,189.8,200.44,207.542,158587.73,0.925814,0.930521,0.875161,0.993357
lstm-du,DU,30200,198.641,214.879,255.72,152032.79,0.925795,0.930475,0.875066,0.993376
lstm-du,DU,30300,190.535,201.502,209.063,159026.03,0.925809,0.930523,0.875131,0.993401
lstm-du,DU,30400,198.347,212.517,244.323,153267.07,0.925822,0.930575,0.875203,0.993427
lstm-du,DU,30500,193.245,208.209,230.948,157830.97,0.925902,0.930662,0.875339,0.99345
lstm-du,DU,30600,192.683,207.439,227.518,158809.89,0.925915,0.930688,0.875417,0.993408
lstm-du,DU,30700,194.985,206.731,227.91,157447.8,0.925993,0.930782,0.875566,0.993432
lstm-du,DU,30800,194.396,206.878,212.963,158439.3,0.925909,0.930727,0.87545,0.993455
lstm-du,DU,30900,201.194,211.622,242.467,153583.47,0.925922,0.930735,0.875448,0.993475
lstm-du,DU,31000,194.508,206.253,211.92,159376.34,0.926,0.930808,0.87556,0.993497
lstm-du,DU,31100,198.376,210.372,218.749,156772.81,0.926174,0.930968,0.875877,0.993455
lstm-du,DU,31200,196.449,207.0,219.538,158820.0,0.926058,0.930872,0.875691,0.993476
lstm-du,DU,31300,198.278,212.141,239.32,157858.82,0.926166,0.930984,0.87592,0.993435
lstm-du,DU,31400,198.207,215.302,222.178,158420.54,0.92621,0.931003,0.875939,0.993454
lstm-du,DU,31500,203.28,215.274,223.967,154958.82,0.926254,0.931025,0.875964,0.993473
lstm-du,DU,31600,198.906,210.865,213.246,158868.81,0.926171,0.930942,0.875849,0.99343
lstm-du,DU,31700,203.725,216.092,219.825,155601.73,0.926215,0.930985,0.875909,0.993451
lstm-du,DU,31800,200.854,213.244,238.622,158323.79,0.926132,0.930898,0.87574,0.99347
lstm-du,DU,31900,204.768,218.744,223.561,155786.29,0.926207,0.930964,0.875842,0.99349
lstm-du,DU,32000,203.632,214.766,229.256,157146.6,0.926281,0.931021,0.875928,0.99351
lstm-du,DU,32100,207.562,221.219,249.146,154652.86,0.926293,0.931012,0.875898,0.993528
lstm-du,DU,32200,202.618,216.453,223.161,158920.12,0.926273,0.931008,0.875875,0.993549
lstm-du,DU,32300,208.014,220.799,223.52,155277.86,0.926223,0.930946,0.87575,0.993567
lstm-du,DU,32400,209.381,221.505,227.766,154741.96,0.926173,0.930903,0.875707,0.993526
lstm-du,DU,32500,202.474,212.036,216.218,160514.53,0.926215,0.930909,0.875705,0.993542
lstm-du,DU,32600,204.465,215.344,217.829,159440.24,0.926258,0.930979,0.875858,0.993505
lstm-du,DU,32700,204.657,212.527,234.826,159779.37,0.9263,0.931013,0.875902,0.993524
lstm-du,DU,32800,206.183,220.263,225.486,159081.88,0.926372,0.931085,0.876014,0.993544
lstm-du,DU,32900,205.673,216.716,245.322,159962.55,0.926474,0.931206,0.876211,0.993567
lstm-du,DU,33000,206.315,219.414,222.194,159949.27,0.926576,0.931276,0.876321,0.993585
lstm-du,DU,33100,207.753,218.147,242.003,159324.06,0.926677,0.931396,0.876516,0.993607
lstm-du,DU,33200,214.775,226.047,237.794,154580.39,0.926687,0.931433,0.876611,0.993569
lstm-du,DU,33300,209.922,221.989,225.783,158630.14,0.926637,0.931417,0.876565,0.993591
lstm-du,DU,33400,215.445,228.56,233.901,155028.3,0.926587,0.931351,0.876436,0.993608
lstm-du,DU,33500,210.31,222.205,229.517,159288.47,0.926537,0.931309,0.876346,0.993627
lstm-du,DU,33600,216.468,230.768,248.958,155219.34,0.926548,0.931292,0.876303,0.993643
lstm-du,DU,33700,213.295,224.966,234.405,157997.22,0.926677,0.931428,0.876574,0.993606
lstm-du,DU,33800,213.276,226.715,248.42,158480.3,0.926686,0.931452,0.876601,0.993626
lstm-du,DU,33900,212.586,227.995,250.076,159465.06,0.926696,0.931484,0.876687,0.993589
lstm-du,DU,34000,216.686,229.222,234.683,156909.24,0.926735,0.93153,0.876753,0.993609
lstm-du,DU,34100,220.581,233.332,263.65,154591.73,0.926804,0.931586,0.876838,0.993627
lstm-du,DU,34200,215.676,226.731,241.405,158570.94,0.92693,0.931705,0.877032,0.993646
lstm-du,DU,34300,221.599,234.463,239.799,154784.43,0.927085,0.93184,0.877258,0.993665
lstm-du,DU,34400,219.635,230.0,236.757,156623.4,0.927035,0.93179,0.877155,0.993682
lstm-du,DU,34500,222.43,237.869,261.923,155105.29,0.926928,0.931715,0.877008,0.993702
lstm-du,DU,34600,218.066,230.507,236.689,158667.53,0.926994,0.931756,0.877066,0.993719
lstm-du,DU,34700,217.865,232.243,241.347,159273.11,0.927032,0.931796,0.877124,0.993737
lstm-du,DU,34800,216.828,228.113,233.284,160495.92,0.927011,0.93179,0.877142,0.9937
lstm-du,DU,34900,218.407,231.409,233.61,159793.5,0.926991,0.931744,0.877093,0.993658
lstm-du,DU,35000,217.649,228.926,237.609,160809.36,0.927057,0.931824,0.877219,0.993678
lstm-du,DU,35100,220.145,236.482,247.684,159440.22,0.92698,0.931724,0.877075,0.993636
lstm-du,DU,35200,225.793,242.543,254.808,155895.03,0.926932,0.931679,0.877025,0.993598
lstm-du,DU,35300,226.023,240.924,247.251,156179.04,0.926884,0.931635,0.876976,0.993559
lstm-du,DU,35400,221.744,238.458,262.636,159643.43,0.926864,0.931593,0.876934,0.993519
lstm-du,DU,35500,229.274,244.586,274.361,154836.73,0.926817,0.931563,0.876909,0.993482
lstm-du,DU,35600,229.296,247.618,268.567,155257.66,0.926798,0.931565,0.876897,0.993502
lstm-du,DU,35700,228.08,243.434,266.476,156524.18,0.926779,0.931542,0.876843,0.99352
lstm-du,DU,35800,229.109,239.216,249.423,156257.26,0.926816,0.931586,0.876948,0.993484
lstm-du,DU,35900,229.879,241.733,255.41,156169.4,0.92688,0.931685,0.87715,0.993451
lstm-du,DU,36000,231.464,243.561,250.865,155531.8,0.926944,0.931731,0.877261,0.993413
lstm-du,DU,36100,230.661,241.71,245.85,156506.41,0.926953,0.931721,0.877231,0.993429
lstm-du,DU,36200,231.514,244.301,248.365,156362.36,0.926961,0.93175,0.877266,0.99345
lstm-du,DU,36300,230.546,241.998,255.383,157452.15,0.926942,0.931727,0.877254,0.993412
lstm-du,DU,36400,233.773,248.068,270.043,155706.9,0.926813,0.931619,0.877133,0.993322
lstm-du,DU,36500,234.997,247.22,255.565,155321.18,0.926822,0.931609,0.877103,0.993338
lstm-du,DU,36600,233.097,244.983,254.787,157016.48,0.926776,0.93158,0.877037,0.993358
lstm-du,DU,36700,236.067,248.816,268.395,155464.51,0.926757,0.931526,0.87693,0.993372
lstm-du,DU,36800,234.729,248.862,253.215,156776.78,0.926848,0.931609,0.877105,0.993336
lstm-du,DU,36900,230.582,243.37,255.439,160030.04,0.926802,0.93157,0.877021,0.993354
lstm-du,DU,37000,237.545,252.266,267.62,155760.09,0.926622,0.931406,0.87676,0.993318
lstm-du,DU,37100,230.035,243.78,250.328,161280.05,0.926604,0.931374,0.87669,0.993334
lstm-du,DU,37200,236.821,253.207,261.277,157080.87,0.926398,0.931199,0.876366,0.993352
lstm-du,DU,37300,232.438,244.201,249.079,160472.81,0.926488,0.931292,0.876515,0.993371
lstm-du,DU,37400,241.358,254.883,275.622,154956.31,0.926497,0.93128,0.876482,0.993387
lstm-du,DU,37500,236.919,249.634,265.101,158281.85,0.926453,0.931253,0.876419,0.993406
lstm-du,DU,37600,243.972,262.026,291.911,154116.2,0.926516,0.931287,0.876469,0.993421
lstm-du,DU,37700,237.567,256.025,262.801,158692.29,0.926525,0.9313,0.876476,0.993439
lstm-du,DU,37800,237.864,249.807,253.134,158914.55,0.926561,0.931352,0.876554,0.993458
lstm-du,DU,37900,240.273,258.503,276.197,157737.38,0.926544,0.931334,0.87655,0.993423
lstm-du,DU,38000,241.975,256.126,268.936,157040.7,0.926605,0.931395,0.876644,0.993441
lstm-du,DU,38100,240.209,260.602,270.128,158611.85,0.926588,0.93138,0.876645,0.993406
lstm-du,DU,38200,241.801,257.905,278.011,157980.96,0.926597,0.931389,0.876687,0.993371
lstm-du,DU,38300,242.95,260.498,272.386,157645.56,0.926554,0.931348,0.876602,0.993388
lstm-du,DU,38400,249.563,270.331,301.086,153869.24,0.926432,0.9312,0.876369,0.993349
lstm-du,DU,38500,249.073,262.989,296.819,154573.42,0.926468,0.931218,0.876389,0.993365
lstm-du,DU,38600,241.686,254.92,264.589,159711.1,0.926528,0.931278,0.876482,0.993383
lstm-du,DU,38700,253.686,270.529,301.351,152550.5,0.926563,0.931313,0.87653,0.9934
lstm-du,DU,38800,252.186,266.088,295.224,153854.62,0.926649,0.931372,0.876623,0.993416
lstm-du,DU,38900,250.959,262.157,281.272,155005.34,0.926632,0.931338,0.876591,0.99338
lstm-du,DU,39000,252.214,267.613,284.461,154630.38,0.926667,0.931349,0.876598,0.993394
lstm-du,DU,39100,255.632,298.453,307.0,152954.1,0.926624,0.931319,0.876532,0.993412
lstm-du,DU,39200,255.663,276.341,297.214,153327.06,0.926684,0.931372,0.876613,0.993429
lstm-du,DU,39300,246.588,262.686,291.961,159374.92,0.926768,0.931479,0.876787,0.993449
lstm-du,DU,39400,247.318,270.936,291.097,159309.05,0.926726,0.93145,0.876721,0.993466
lstm-du,DU,39500,248.947,263.989,274.982,158668.41,0.926759,0.931499,0.876794,0.993485
lstm-du,DU,39600,249.367,264.195,280.354,158801.91,0.926768,0.931491,0.876768,0.993499
lstm-du,DU,39700,249.011,267.478,278.252,159430.95,0.9267,0.931446,0.876674,0.993517
lstm-du,DU,39800,256.367,275.341,288.804,155246.24,0.926784,0.931529,0.876808,0.993534
lstm-du,DU,39900,261.455,295.554,319.284,152607.36,0.926817,0.931555,0.876842,0.99355
lstm-du,DU,40000,251.846,265.555,294.192,158827.45,0.9269,0.93165,0.876997,0.993568
lstm-du,DU,40100,259.331,280.547,292.278,154628.6,0.926908,0.931654,0.876992,0.993584
lstm-du,DU,40200,255.427,280.834,305.212,157383.7,0.926915,0.931668,0.877003,0.993601
lstm-du,DU,40300,263.592,293.66,321.306,152887.51,0.926873,0.931629,0.87696,0.993567
lstm-du,DU,40400,256.267,288.022,309.08,157648.06,0.926708,0.931466,0.876699,0.993532
lstm-du,DU,40500,261.91,292.534,323.366,154633.52,0.926741,0.931521,0.876819,0.993501
lstm-du,DU,40600,259.643,291.316,302.153,156368.59,0.926798,0.931571,0.876896,0.993517
lstm-du,DU,40700,265.081,288.719,308.385,153538.15,0.926708,0.93148,0.876762,0.993483
lstm-du,DU,40800,264.883,293.604,312.108,154030.29,0.926642,0.931411,0.876666,0.993449
lstm-du,DU,40900,267.547,305.993,326.161,152870.57,0.926724,0.931489,0.876791,0.993466
lstm-du,DU,41000,268.973,311.519,333.244,152431.65,0.926732,0.931491,0.876819,0.993433
lstm-du,DU,41100,269.124,306.743,325.771,152717.94,0.926788,0.931547,0.876906,0.993449
lstm-du,DU,41200,268.719,305.899,320.599,153319.85,0.926845,0.93159,0.876971,0.993465
lstm-du,DU,41300,267.12,286.915,312.689,154612.12,0.926877,0.931625,0.877019,0.993481
lstm-du,DU,41400,267.439,286.865,311.905,154801.6,0.926908,0.931653,0.877057,0.993497
lstm-du,DU,41500,271.652,311.98,327.871,152769.08,0.926916,0.931641,0.877026,0.993511
lstm-du,DU,41600,271.363,311.14,327.437,153300.09,0.926875,0.931591,0.876963,0.993477
lstm-du,DU,41700,271.34,313.233,326.893,153681.67,0.926954,0.931689,0.877122,0.993495
lstm-du,DU,41800,270.441,312.833,333.512,154562.54,0.926842,0.93157,0.876938,0.993461
lstm-du,DU,41900,274.623,315.825,324.97,152572.62,0.92673,0.931449,0.876713,0.993474
lstm-du,DU,42000,274.464,308.303,324.795,153025.75,0.92669,0.931409,0.876667,0.993442
lstm-du,DU,42100,277.725,324.351,334.608,151588.77,0.926675,0.931423,0.876678,0.99346
lstm-du,DU,42200,276.594,313.484,324.882,152570.28,0.926754,0.931523,0.87684,0.993479
lstm-du,DU,42300,275.072,311.142,328.559,153777.95,0.926714,0.931489,0.876768,0.993494
lstm-du,DU,42400,282.487,327.474,333.6,150095.54,0.926698,0.931494,0.8768,0.993465
lstm-du,DU,42500,281.909,326.785,334.15,150757.78,0.926706,0.931501,0.876801,0.99348
lstm-du,DU,42600,276.128,317.662,322.474,154276.54,0.926761,0.931585,0.876971,0.993452
lstm-du,DU,42700,282.148,325.238,344.241,151339.07,0.926768,0.931583,0.876993,0.99342
lstm-du,DU,42800,280.943,323.881,329.884,152344.08,0.926893,0.931668,0.877133,0.993433
lstm-du,DU,42900,283.668,324.523,335.888,151233.13,0.926946,0.931703,0.877185,0.993447
lstm-du,DU,43000,282.956,325.693,332.802,151966.91,0.926884,0.931634,0.877088,0.993415
lstm-du,DU,43100,288.448,330.247,338.433,149420.45,0.926984,0.931731,0.877247,0.993431
lstm-du,DU,43200,281.126,325.229,339.937,153667.61,0.926875,0.931622,0.877043,0.993445
lstm-du,DU,43300,290.719,328.68,339.083,148940.86,0.926859,0.931623,0.877068,0.993416
lstm-du,DU,43400,284.177,323.979,331.083,152721.79,0.926912,0.931644,0.877095,0.993428
lstm-du,DU,43500,288.286,328.247,351.395,150892.03,0.926989,0.93174,0.877251,0.993446
lstm-du,DU,43600,293.51,331.673,341.174,148546.65,0.92695,0.93171,0.877221,0.993416
lstm-du,DU,43700,295.149,327.12,342.05,148060.84,0.926819,0.931585,0.876989,0.99343
lstm-du,DU,43800,286.914,326.628,330.137,152659.02,0.926804,0.931543,0.87694,0.993396
lstm-du,DU,43900,289.583,324.342,331.821,151597.2,0.926834,0.931587,0.877005,0.993413
lstm-du,DU,44000,297.005,329.053,341.058,148145.84,0.926773,0.931517,0.876871,0.993426
lstm-du,DU,44100,289.928,326.692,334.483,152106.59,0.926757,0.931484,0.876802,0.993439
lstm-du,DU,44200,296.908,328.373,337.694,148867.54,0.926674,0.931389,0.876624,0.993452
lstm-du,DU,44300,294.842,327.36,335.537,150249.82,0.926569,0.931286,0.876501,0.993376
lstm-du,DU,44400,289.571,330.968,351.329,153330.14,0.926577,0.931293,0.876503,0.993391
lstm-du,DU,44500,296.262,326.951,337.058,150204.69,0.926607,0.931329,0.876588,0.993362
lstm-du,DU,44600,293.82,331.195,334.8,151793.64,0.926704,0.93142,0.876738,0.993377
lstm-du,DU,44700,295.73,332.765,338.292,151151.38,0.926756,0.93146,0.876798,0.993391
lstm-du,DU,44800,299.929,328.407,346.214,149368.88,0.926786,0.931487,0.876834,0.993406
lstm-du,DU,44900,302.621,328.848,361.942,148370.56,0.926837,0.931515,0.876909,0.993375
lstm-du,DU,45000,296.84,327.733,336.195,151596.92,0.926844,0.931511,0.87689,0.993388
lstm-du,DU,45100,298.995,328.201,334.966,150838.67,0.926763,0.931437,0.876783,0.993359
lstm-du,DU,45200,300.854,332.278,340.272,150239.01,0.926836,0.931497,0.876877,0.993373
lstm-du,DU,45300,300.723,326.551,344.648,150636.74,0.926821,0.93151,0.876887,0.99339
lstm-du,DU,45400,296.106,337.009,347.058,153323.57,0.926872,0.931532,0.876951,0.993359
lstm-du,DU,45500,303.654,326.724,363.711,149841.82,0.926923,0.931586,0.877034,0.993374
lstm-du,DU,45600,303.3,333.049,351.843,150346.02,0.926842,0.931496,0.876899,0.993343
lstm-du,DU,45700,300.632,325.783,344.88,152012.86,0.926871,0.931567,0.87701,0.993362
lstm-du,DU,45800,302.56,330.094,338.044,151374.73,0.926921,0.931631,0.877111,0.993379
lstm-du,DU,45900,303.368,324.429,369.799,151301.57,0.926972,0.931684,0.877192,0.993394
lstm-du,DU,46000,300.866,329.188,334.375,152891.94,0.927043,0.931741,0.877284,0.993408
lstm-du,DU,46100,302.411,327.99,345.935,152441.46,0.927072,0.931733,0.877294,0.993375
lstm-du,DU,46200,303.714,323.009,371.325,152116.95,0.927165,0.93182,0.877471,0.993347
lstm-du,DU,46300,307.59,355.453,374.323,150524.97,0.927063,0.931713,0.877304,0.993317
lstm-du,DU,46400,301.835,322.665,339.377,153726.12,0.927091,0.931735,0.877366,0.993288
lstm-du,DU,46500,306.782,367.79,380.71,151573.3,0.927054,0.931718,0.877322,0.993304
lstm-du,DU,46600,306.202,329.6,380.395,152187.31,0.927103,0.931764,0.877426,0.993276
lstm-du,DU,46700,309.036,376.364,383.754,151115.3,0.927024,0.931695,0.877293,0.993291
lstm-du,DU,46800,301.761,322.595,330.501,155089.87,0.927009,0.931675,0.877279,0.993262
lstm-du,DU,46900,310.484,363.83,376.583,151054.63,0.926994,0.931654,0.877265,0.993233
lstm-du,DU,47000,303.912,326.035,331.992,154650.19,0.927043,0.931686,0.877312,0.993246
lstm-du,DU,47100,307.971,350.007,371.46,152936.49,0.927091,0.931749,0.87741,0.993262
lstm-du,DU,47200,307.177,325.283,379.04,153657.47,0.927119,0.931754,0.87741,0.993275
lstm-du,DU,47300,307.989,359.858,380.125,153577.09,0.927125,0.931768,0.877456,0.993248
lstm-du,DU,47400,305.544,326.2,364.226,155133.23,0.927152,0.931793,0.877488,0.993262
lstm-du,DU,47500,316.887,378.501,384.354,149895.91,0.9272,0.931835,0.877553,0.993276
lstm-du,DU,47600,303.871,321.885,335.959,156645.58,0.927101,0.93176,0.87744,0.99325
lstm-du,DU,47700,316.233,370.062,383.725,150838.24,0.927128,0.931798,0.877494,0.993265
lstm-du,DU,47800,306.437,338.263,367.165,155986.27,0.927197,0.931848,0.877605,0.993237
lstm-du,DU,47900,319.704,376.794,391.514,149825.97,0.927223,0.931866,0.877628,0.99325
lstm-du,DU,48000,316.566,376.533,389.946,151627.0,0.927208,0.931843,0.877609,0.993222
lstm-du,DU,48100,320.314,371.389,384.973,150165.23,0.927235,0.931877,0.877658,0.993237
lstm-du,DU,48200,320.549,375.521,378.304,150367.25,0.927199,0.931857,0.877611,0.993252
lstm-du,DU,48300,320.44,371.854,375.178,150730.37,0.927184,0.931834,0.877592,0.993224
lstm-du,DU,48400,316.579,374.597,385.052,152884.27,0.92719,0.931851,0.877641,0.993198
lstm-du,DU,48500,313.02,372.197,391.923,154942.27,0.927278,0.931928,0.877768,0.993212
lstm-du,DU,48600,324.176,377.195,387.283,149918.39,0.927325,0.931946,0.877822,0.993183
lstm-du,DU,48700,325.557,382.276,389.423,149589.94,0.927392,0.932005,0.877916,0.993197
lstm-du,DU,48800,315.086,373.869,385.508,154878.14,0.927398,0.932018,0.877928,0.993211
lstm-du,DU,48900,328.038,382.158,389.341,149067.87,0.927403,0.932034,0.878007,0.993145
lstm-du,DU,49000,334.644,389.048,391.991,146424.19,0.927408,0.932042,0.878042,0.993119
lstm-du,DU,49100,330.765,384.786,396.361,148443.59,0.927373,0.931998,0.877955,0.993132
lstm-du,DU,49200,331.393,380.515,394.825,148464.1,0.927398,0.932029,0.87803,0.993106
lstm-du,DU,49300,333.968,387.144,392.874,147619.05,0.927444,0.932085,0.878117,0.993122
lstm-du,DU,49400,318.581,373.658,389.206,155062.56,0.92751,0.932133,0.878223,0.993095
lstm-du,DU,49500,333.475,384.195,387.622,148436.77,0.927576,0.932211,0.878349,0.993111
lstm-du,DU,49600,335.218,392.078,398.999,147963.28,0.927581,0.932242,0.87839,0.993127
lstm-du,DU,49700,333.909,387.284,398.046,148843.02,0.927525,0.932201,0.878307,0.993142
lstm-du,DU,49800,337.886,384.879,394.747,147386.81,0.92751,0.932163,0.878231,0.993153
lstm-du,DU,49900,322.142,384.989,390.697,154900.6,0.927455,0.932116,0.878198,0.993087
lstm-du,DU,50000,329.069,381.443,387.031,151943.97,0.92746,0.932133,0.878279,0.993023
lstm-du,DU,50100,342.979,391.442,394.379,146073.15,0.927445,0.932116,0.878269,0.992997
lstm-du,DU,50200,330.644,381.964,385.92,151824.8,0.92755,0.932213,0.878429,0.993011
lstm-du,DU,50300,328.806,385.3,400.232,152977.56,0.927594,0.932244,0.878476,0.993024
lstm-du,DU,50400,346.164,390.345,408.021,145595.62,0.927421,0.932093,0.878289,0.99292
lstm-du,DU,50500,335.896,386.189,388.949,150344.15,0.927426,0.932106,0.878299,0.992935
lstm-du,DU,50600,351.519,392.422,404.273,143946.89,0.927411,0.932093,0.878266,0.992949
lstm-du,DU,50700,337.409,385.422,391.14,150262.73,0.927436,0.932121,0.878334,0.992925
lstm-du,DU,50800,358.937,399.97,421.751,141528.83,0.927461,0.932155,0.878383,0.99294
lstm-du,DU,50900,343.478,389.959,395.976,148189.78,0.927564,0.93226,0.878558,0.992955
lstm-du,DU,51000,353.787,400.502,405.4,144154.61,0.927549,0.932245,0.878521,0.992969
lstm-du,DU,51100,345.747,394.213,407.479,147796.11,0.927593,0.932294,0.878596,0.992984
lstm-du,DU,51200,357.098,403.629,407.436,143377.84,0.927559,0.932269,0.878541,0.992998
lstm-du,DU,51300,359.667,401.066,418.469,142631.85,0.927563,0.932294,0.878602,0.992975
lstm-du,DU,51400,360.387,395.527,400.847,142624.26,0.927626,0.932361,0.87871,0.99299
lstm-du,DU,51500,343.536,396.883,402.801,149911.69,0.927592,0.932337,0.878685,0.992966
lstm-du,DU,51600,362.869,399.637,405.083,142200.15,0.927616,0.932363,0.878721,0.99298
lstm-du,DU,51700,363.866,395.475,403.973,142085.34,0.927621,0.932365,0.878743,0.992955
lstm-du,DU,51800,363.77,401.922,404.453,142397.75,0.927664,0.932405,0.878804,0.992969
lstm-du,DU,51900,362.452,398.676,405.323,143191.4,0.927726,0.932479,0.878924,0.992984
lstm-du,DU,52000,364.342,400.155,402.94,142723.0,0.927712,0.932466,0.878891,0.992998
lstm-du,DU,52100,371.993,404.783,421.527,140056.26,0.927678,0.932432,0.87882,0.99301
lstm-du,DU,52200,371.198,404.507,409.216,140625.6,0.927644,0.932398,0.878749,0.993023
lstm-du,DU,52300,367.869,403.104,405.016,142170.01,0.927572,0.932321,0.878633,0.992997
lstm-du,DU,52400,355.005,396.794,400.621,147603.66,0.927634,0.93238,0.878756,0.992973
lstm-du,DU,52500,383.462,408.263,413.317,136910.69,0.927581,0.93231,0.878624,0.992984
lstm-du,DU,52600,387.996,414.548,428.677,135568.28,0.927624,0.932328,0.878648,0.992995
lstm-du,DU,52700,393.437,410.807,419.509,133947.75,0.927685,0.932375,0.878721,0.993008
lstm-du,DU,52800,381.049,406.879,424.104,138564.96,0.927652,0.932337,0.878643,0.99302
lstm-du,DU,52900,391.46,410.372,424.884,135135.26,0.927732,0.932414,0.87877,0.993034
lstm-du,DU,53000,383.009,409.215,414.137,138377.79,0.927698,0.932369,0.87868,0.993045
lstm-du,DU,53100,384.168,408.524,413.637,138220.73,0.927684,0.932366,0.878664,0.993059
lstm-du,DU,53200,378.158,405.807,424.2,140681.86,0.927707,0.932377,0.878674,0.993071
lstm-du,DU,53300,392.761,408.047,408.99,135705.9,0.927786,0.93247,0.878828,0.993086
lstm-du,DU,53400,393.373,412.282,438.623,135749.0,0.927809,0.932488,0.87885,0.993099
lstm-du,DU,53500,392.409,406.719,415.428,136337.26,0.927794,0.93249,0.878842,0.993113
lstm-du,DU,53600,390.164,406.116,408.743,137378.28,0.927817,0.932498,0.878848,0.993125
lstm-du,DU,53700,393.2,410.472,424.472,136571.58,0.927821,0.932502,0.878845,0.993138
lstm-du,DU,53800,389.306,407.861,409.941,138194.59,0.927844,0.932517,0.878862,0.99315
lstm-du,DU,53900,392.553,409.607,412.465,137306.29,0.927792,0.932463,0.878757,0.993162
lstm-du,DU,54000,385.639,407.513,415.259,140027.49,0.927722,0.932391,0.87862,0.993173
lstm-du,DU,54100,390.683,409.158,412.728,138475.56,0.927726,0.932374,0.87861,0.993147
lstm-du,DU,54200,392.327,409.968,445.007,138150.11,0.927749,0.932394,0.878665,0.993123
lstm-du,DU,54300,393.16,406.003,411.637,138111.54,0.927716,0.932359,0.878593,0.993135
lstm-du,DU,54400,393.811,408.362,413.619,138137.37,0.927721,0.932372,0.878663,0.993075
lstm-du,DU,54500,393.826,409.23,424.562,138385.87,0.927743,0.932402,0.878705,0.993089
lstm-du,DU,54600,392.998,407.898,415.382,138931.92,0.927729,0.932371,0.878699,0.993027
lstm-du,DU,54700,392.219,406.625,410.198,139462.77,0.927697,0.93235,0.878708,0.992968
lstm-du,DU,54800,394.713,406.522,408.43,138835.01,0.927755,0.932414,0.878809,0.992982
lstm-du,DU,54900,392.024,405.595,408.905,140042.28,0.927778,0.932434,0.878835,0.992995
lstm-du,DU,55000,392.906,405.517,408.671,139982.52,0.9278,0.932449,0.87888,0.992971
lstm-du,DU,55100,392.523,405.507,430.433,140374.0,0.927786,0.932434,0.878845,0.992984
lstm-du,DU,55200,392.447,405.187,408.321,140655.95,0.927736,0.932402,0.878833,0.992926
lstm-du,DU,55300,392.904,407.288,409.858,140746.95,0.927794,0.932454,0.878914,0.992939
lstm-du,DU,55400,393.695,406.384,439.987,140717.9,0.927834,0.932491,0.878971,0.992952
lstm-du,DU,55500,393.959,408.358,440.031,140877.48,0.927874,0.932542,0.879051,0.992966
lstm-du,DU,55600,393.809,408.499,422.215,141185.36,0.927878,0.932526,0.879041,0.992941
lstm-du,DU,55700,392.74,406.099,412.292,141823.96,0.927935,0.932579,0.879125,0.992954
lstm-du,DU,55800,391.277,407.328,408.669,142610.13,0.927921,0.932564,0.879117,0.992931
lstm-du,DU,55900,392.281,406.875,408.976,142500.02,0.927943,0.932577,0.87913,0.992942
lstm-du,DU,56000,391.629,404.684,408.693,142992.65,0.927946,0.932574,0.879143,0.992919
lstm-du,DU,56100,392.275,405.476,411.928,143011.96,0.928021,0.932651,0.879269,0.992933
lstm-du,DU,56200,392.361,405.37,406.971,143235.55,0.927954,0.93259,0.879151,0.992945
lstm-du,DU,56300,392.245,407.493,411.521,143532.61,0.927886,0.932511,0.879003,0.992955
lstm-du,DU,56400,392.937,406.399,408.169,143534.4,0.927943,0.932575,0.879105,0.992969
lstm-du,DU,56500,392.217,406.665,409.376,144052.75,0.927929,0.932572,0.87909,0.992983
lstm-du,DU,56600,394.187,406.022,412.235,143586.84,0.927986,0.932633,0.879187,0.992996
lstm-du,DU,56700,391.086,404.77,406.311,144980.75,0.927989,0.932645,0.879199,0.993009
lstm-du,DU,56800,393.319,408.492,409.484,144412.11,0.92794,0.93262,0.879171,0.992989
lstm-du,DU,56900,391.119,404.985,407.709,145479.85,0.927873,0.932553,0.879043,0.993
lstm-du,DU,57000,393.457,405.591,410.378,144869.88,0.927825,0.932518,0.87897,0.993013
lstm-du,DU,57100,392.424,404.486,408.927,145505.76,0.927898,0.932576,0.879091,0.99299
lstm-du,DU,57200,393.208,406.575,407.865,145470.08,0.927885,0.932559,0.879053,0.993002
lstm-du,DU,57300,393.815,406.087,477.329,145499.89,0.927871,0.932548,0.879023,0.993014
lstm-du,DU,57400,390.855,403.93,425.751,146857.67,0.927805,0.932477,0.878916,0.99299
lstm-du,DU,57500,392.349,404.905,448.134,146553.23,0.927861,0.93254,0.879016,0.993004
lstm-du,DU,57600,391.307,404.294,469.883,147198.93,0.92783,0.932511,0.878956,0.993015
lstm-du,DU,57700,391.651,403.846,446.824,147325.16,0.92773,0.932435,0.878837,0.992994
lstm-du,DU,57800,392.382,406.14,475.427,147305.36,0.927734,0.93243,0.878819,0.993006
lstm-du,DU,57900,390.496,404.121,408.644,148273.12,0.927668,0.932371,0.878706,0.993017
lstm-du,DU,58000,392.227,404.852,431.477,147873.53,0.927621,0.932327,0.878619,0.993029
lstm-du,DU,58100,392.274,412.256,448.017,148110.61,0.92759,0.932297,0.87861,0.992972
lstm-du,DU,58200,390.685,403.248,406.743,148969.16,0.927629,0.932337,0.878698,0.992951
lstm-du,DU,58300,390.448,402.737,405.143,149315.5,0.927599,0.9323,0.878624,0.992962
lstm-du,DU,58400,391.101,406.588,471.816,149321.93,0.927551,0.932251,0.878527,0.992973
lstm-du,DU,58500,389.875,400.938,402.885,150048.06,0.927573,0.93227,0.878604,0.992917
lstm-du,DU,58600,393.964,433.078,468.346,148744.72,0.927611,0.932306,0.878658,0.99293
lstm-du,DU,58700,391.694,405.315,465.056,149861.89,0.927598,0.93228,0.87863,0.992906
lstm-du,DU,58800,390.453,402.23,446.357,150594.34,0.927568,0.932252,0.878572,0.992918
lstm-du,DU,58900,390.456,404.483,441.863,150849.16,0.927606,0.9323,0.878647,0.992932
lstm-du,DU,59000,392.515,409.076,479.005,150312.85,0.927627,0.932321,0.878701,0.99291
lstm-du,DU,59100,394.479,434.052,470.486,149817.71,0.927631,0.932316,0.878684,0.992921
lstm-du,DU,59200,390.875,401.29,474.493,151455.02,0.927517,0.932217,0.878524,0.9929
lstm-du,DU,59300,393.188,437.99,463.801,150818.27,0.927437,0.932133,0.878366,0.99291
lstm-du,DU,59400,394.088,466.313,472.901,150727.69,0.927475,0.932166,0.878443,0.992889
lstm-du,DU,59500,391.152,401.151,483.21,152114.78,0.927429,0.932122,0.878355,0.9929
lstm-du,DU,59600,389.85,400.889,457.119,152879.36,0.927399,0.932097,0.878327,0.992879
lstm-du,DU,59700,392.639,403.813,467.746,152047.93,0.927387,0.932091,0.878307,0.992891
lstm-du,DU,59800,393.289,409.69,458.504,152051.03,0.927441,0.932132,0.878372,0.992902
lstm-du,DU,59900,393.2,403.609,468.359,152339.69,0.927462,0.932127,0.878356,0.992912
lstm-du,DU,60000,393.391,404.01,471.542,152520.07,0.9275,0.932161,0.878432,0.99289
lstm-du,DU,60100,394.832,451.468,471.445,152216.8,0.927488,0.932148,0.878426,0.992869
lstm-du,DU,60200,393.002,403.749,449.246,153179.79,0.927425,0.932096,0.87835,0.992848
lstm-du,DU,60300,394.775,452.057,475.626,152745.4,0.92743,0.93209,0.878356,0.992826
lstm-du,DU,60400,392.656,402.343,472.56,153824.18,0.927401,0.932067,0.878307,0.992838
lstm-du,DU,60500,395.921,472.231,482.731,152808.42,0.927471,0.932123,0.878397,0.992849
lstm-du,DU,60600,396.05,465.745,483.843,153011.03,0.927426,0.932084,0.878318,0.992861
lstm-du,DU,60700,398.612,471.287,476.895,152278.41,0.927496,0.932145,0.878418,0.992873
lstm-du,DU,60800,400.076,476.865,481.363,151971.14,0.927516,0.932157,0.878456,0.992851
lstm-du,DU,60900,399.148,473.472,480.349,152574.98,0.927488,0.932122,0.878411,0.992829
lstm-du,DU,61000,398.874,469.155,474.555,152930.31,0.927443,0.932081,0.87833,0.992841
lstm-du,DU,61100,399.944,472.599,482.648,152771.46,0.927463,0.9321,0.878353,0.992852
lstm-du,DU,61200,414.056,479.819,481.325,147806.0,0.927386,0.932022,0.878207,0.992863
lstm-du,DU,61300,398.812,473.904,483.827,153706.49,0.927341,0.931988,0.878162,0.992843
lstm-du,DU,61400,417.218,481.614,487.171,147165.17,0.927313,0.931957,0.878124,0.992821
lstm-du,DU,61500,407.062,477.084,484.564,151082.63,0.927252,0.931911,0.878033,0.992834
lstm-du,DU,61600,423.151,483.091,487.036,145574.49,0.927273,0.931936,0.878067,0.992846
lstm-du,DU,61700,404.776,478.628,481.286,152430.02,0.92731,0.931966,0.878112,0.992857
lstm-du,DU,61800,393.55,408.382,476.317,157031.99,0.927346,0.931999,0.878161,0.992869
lstm-du,DU,61900,409.631,479.058,484.124,151111.77,0.927351,0.93199,0.878138,0.992879
lstm-du,DU,62000,396.419,467.387,479.305,156400.35,0.927387,0.932029,0.878197,0.992891
lstm-du,DU,62100,413.913,477.026,482.2,150031.59,0.927391,0.932031,0.878192,0.992902
lstm-du,DU,62200,413.807,482.214,485.176,150311.56,0.927412,0.932037,0.878195,0.992912
lstm-du,DU,62300,425.865,484.763,506.458,146290.41,0.927448,0.932075,0.878278,0.992892
lstm-du,DU,62400,397.909,472.555,481.783,156819.87,0.927468,0.932083,0.878284,0.992903
lstm-du,DU,62500,422.009,482.298,488.755,148101.14,0.927424,0.932041,0.878201,0.992913
lstm-du,DU,62600,397.27,471.616,481.501,157575.47,0.927444,0.932045,0.8782,0.992923
lstm-du,DU,62700,417.946,478.794,483.487,150019.36,0.927432,0.932029,0.878188,0.992902
lstm-du,DU,62800,397.685,465.367,484.502,157913.74,0.927389,0.931991,0.878137,0.992882
lstm-du,DU,62900,429.516,485.347,487.97,146443.88,0.927361,0.931973,0.878097,0.992894
lstm-du,DU,63000,423.818,484.528,495.819,148648.59,0.927238,0.931861,0.877913,0.992873
lstm-du,DU,63100,432.268,484.526,488.489,145974.31,0.927274,0.931897,0.878041,0.992791
lstm-du,DU,63200,427.869,483.403,486.419,147708.78,0.927247,0.931871,0.878012,0.99277
lstm-du,DU,63300,439.357,485.422,496.799,144074.2,0.927251,0.931862,0.878011,0.992749
lstm-du,DU,63400,406.726,480.763,487.142,155878.76,0.92724,0.931846,0.877975,0.99276
lstm-du,DU,63500,438.111,485.436,492.025,144940.3,0.92726,0.93187,0.878009,0.992772
lstm-du,DU,63600,410.844,480.876,487.185,154803.43,0.927296,0.9319,0.878053,0.992783
lstm-du,DU,63700,445.346,488.463,498.375,143034.88,0.927316,0.931926,0.878089,0.992795
lstm-du,DU,63800,414.886,483.032,485.768,153777.26,0.92732,0.93192,0.878071,0.992805
lstm-du,DU,63900,448.279,488.66,493.995,142545.29,0.927355,0.931951,0.878142,0.992785
lstm-du,DU,64000,420.036,483.485,485.394,152368.03,0.927391,0.931965,0.878183,0.992764
lstm-du,DU,64100,450.194,485.648,493.699,142383.07,0.92741,0.931979,0.878199,0.992774
lstm-du,DU,64200,424.975,481.805,485.804,151067.57,0.927461,0.93202,0.878288,0.992754
lstm-du,DU,64300,462.106,490.983,496.309,139145.53,0.927465,0.932037,0.878333,0.992736
lstm-du,DU,64400,456.109,490.286,491.646,141194.4,0.927407,0.931977,0.878243,0.992716
lstm-du,DU,64500,453.4,488.139,511.476,142258.45,0.927442,0.932008,0.878313,0.992696
lstm-du,DU,64600,466.549,495.766,516.264,138463.59,0.927415,0.931995,0.878304,0.992678
lstm-du,DU,64700,465.258,489.621,493.575,139062.73,0.927481,0.932077,0.878438,0.992692
lstm-du,DU,64800,473.251,491.876,493.644,136925.25,0.927469,0.932065,0.878409,0.992703
lstm-du,DU,64900,468.886,490.605,497.106,138413.16,0.927458,0.932052,0.878377,0.992714
lstm-du,DU,65000,477.048,493.941,496.953,136254.59,0.927446,0.932032,0.878334,0.992724
lstm-du,DU,65100,463.199,488.912,491.61,140544.28,0.927465,0.932044,0.878346,0.992734
lstm-du,DU,65200,469.505,489.234,493.851,138869.79,0.927485,0.932065,0.878375,0.992746
lstm-du,DU,65300,473.231,489.803,495.286,137987.69,0.927473,0.932059,0.878356,0.992757
lstm-du,DU,65400,475.793,492.752,519.729,137454.7,0.927446,0.932035,0.878304,0.992768
lstm-du,DU,65500,478.17,492.205,523.068,136980.44,0.927466,0.932052,0.878349,0.992749
lstm-du,DU,65600,476.487,489.327,493.422,137674.38,0.9275,0.932084,0.878398,0.99276
lstm-du,DU,65700,474.232,490.249,496.472,138539.65,0.927428,0.93201,0.878282,0.99274
lstm-du,DU,65800,479.841,491.468,516.112,137128.75,0.927508,0.932092,0.878418,0.992752
lstm-du,DU,65900,480.986,492.228,502.444,137010.25,0.92742,0.932008,0.878285,0.992732
lstm-du,DU,66000,455.044,486.984,490.782,145041.05,0.92747,0.932064,0.878374,0.992744
lstm-du,DU,66100,477.257,492.615,494.656,138499.69,0.927504,0.932086,0.878406,0.992754
lstm-du,DU,66200,480.77,488.404,491.622,137695.66,0.927538,0.932107,0.878435,0.992764
lstm-du,DU,66300,481.113,488.998,490.977,137805.4,0.927481,0.93206,0.878389,0.992716
lstm-du,DU,66400,482.875,493.775,498.676,137509.8,0.927455,0.93202,0.878312,0.992725
lstm-du,DU,66500,478.998,490.115,493.064,138831.36,0.927368,0.931918,0.878125,0.992733
lstm-du,DU,66600,469.54,491.04,493.63,141840.98,0.927387,0.93193,0.878137,0.992743
lstm-du,DU,66700,481.482,489.579,492.37,138530.76,0.927436,0.931971,0.878202,0.992753
lstm-du,DU,66800,477.532,492.942,498.07,139885.93,0.92738,0.931911,0.878088,0.992763
lstm-du,DU,66900,481.66,489.283,490.847,138894.65,0.927294,0.931825,0.877928,0.992772
lstm-du,DU,67000,476.646,491.212,495.957,140565.48,0.927194,0.931736,0.877785,0.992753
lstm-du,DU,67100,481.431,488.498,491.558,139376.1,0.927183,0.931729,0.877764,0.992764
lstm-du,DU,67200,481.546,488.693,517.699,139550.53,0.927173,0.931721,0.87774,0.992775
lstm-du,DU,67300,480.854,491.189,495.304,139959.33,0.927192,0.931732,0.877776,0.992756
lstm-du,DU,67400,481.299,490.895,496.279,140037.74,0.927255,0.931792,0.877874,0.992767
lstm-du,DU,67500,479.878,489.429,494.191,140660.85,0.927304,0.931822,0.877919,0.992776
lstm-du,DU,67600,481.969,493.234,522.271,140257.87,0.927278,0.931804,0.877879,0.992787
lstm-du,DU,67700,481.121,488.244,521.226,140713.02,0.927312,0.931837,0.87793,0.992798
lstm-du,DU,67800,482.949,492.173,497.318,140387.6,0.927271,0.93179,0.877861,0.992778
lstm-du,DU,67900,480.624,487.601,490.724,141274.62,0.927216,0.931735,0.877756,0.992788
lstm-du,DU,68000,480.391,489.62,492.664,141551.36,0.927206,0.931715,0.877713,0.992797
lstm-du,DU,68100,479.819,488.354,489.787,141928.49,0.927166,0.93166,0.877632,0.992776
lstm-du,DU,68200,481.033,488.837,523.949,141778.35,0.927199,0.931707,0.877705,0.992789
lstm-du,DU,68300,481.461,486.913,492.342,141860.03,0.927189,0.931689,0.877711,0.99274
lstm-du,DU,68400,479.912,487.752,493.678,142526.2,0.927208,0.931694,0.877737,0.992721
lstm-du,DU,68500,480.334,487.131,489.506,142609.18,0.927212,0.931702,0.877765,0.992703
lstm-du,DU,68600,480.526,487.049,492.109,142760.34,0.927187,0.931679,0.877716,0.992713
lstm-du,DU,68700,481.234,486.58,517.263,142758.08,0.927205,0.931698,0.877741,0.992724
lstm-du,DU,68800,482.549,489.552,522.25,142576.14,0.927253,0.93174,0.877807,0.992734
lstm-du,DU,68900,480.541,486.048,488.876,143380.12,0.927242,0.93173,0.877781,0.992745
lstm-du,DU,69000,480.502,487.336,521.232,143599.69,0.927275,0.931761,0.877873,0.992698
lstm-du,DU,69100,482.735,494.941,536.083,143142.85,0.927279,0.931758,0.87786,0.992708
lstm-du,DU,69200,481.856,489.657,494.244,143611.5,0.927283,0.931755,0.877846,0.992717
lstm-du,DU,69300,480.042,485.51,488.245,144362.33,0.927287,0.931772,0.877867,0.992729
lstm-du,DU,69400,482.783,488.635,523.635,143749.92,0.927262,0.931751,0.877866,0.992683
lstm-du,DU,69500,481.615,486.231,533.292,144306.23,0.927223,0.93171,0.877786,0.992692
lstm-du,DU,69600,480.508,489.463,519.399,144846.56,0.92727,0.931757,0.877861,0.992703
lstm-du,DU,69700,480.804,485.95,539.211,144965.47,0.927231,0.931725,0.877819,0.992686
lstm-du,DU,69800,480.713,488.114,498.366,145200.91,0.927264,0.931745,0.877847,0.992695
lstm-du,DU,69900,480.347,488.417,521.664,145519.77,0.927282,0.931753,0.877853,0.992704
lstm-du,DU,70000,480.412,486.133,542.378,145708.33,0.9273,0.931765,0.87789,0.992686
lstm-du,DU,70100,481.924,487.499,546.78,145458.75,0.927304,0.931773,0.877895,0.992697
lstm-du,DU,70200,480.609,488.104,522.972,146064.77,0.927407,0.931879,0.878073,0.992709
lstm-du,DU,70300,478.622,486.637,490.344,146879.94,0.927383,0.931856,0.878025,0.992719
lstm-du,DU,70400,479.625,486.058,487.88,146781.35,0.927429,0.931895,0.878087,0.992729
lstm-du,DU,70500,477.964,486.664,518.298,147500.71,0.927447,0.93191,0.878104,0.992739
lstm-du,DU,70600,481.018,489.316,493.012,146771.94,0.927493,0.931951,0.878169,0.99275
lstm-du,DU,70700,482.488,520.834,566.749,146532.08,0.927511,0.931969,0.878193,0.99276
lstm-du,DU,70800,483.084,488.983,528.399,146558.32,0.927542,0.932003,0.878244,0.992771
lstm-du,DU,70900,481.99,486.385,561.037,147098.48,0.927504,0.931973,0.878205,0.992754
lstm-du,DU,71000,480.283,485.959,558.938,147829.41,0.927507,0.931976,0.878204,0.992764
lstm-du,DU,71100,481.345,514.672,557.466,147710.96,0.927581,0.932047,0.878321,0.992775
lstm-du,DU,71200,478.925,485.689,552.228,148666.34,0.927556,0.932031,0.878284,0.992785
lstm-du,DU,71300,482.556,524.822,550.555,147754.9,0.927602,0.932072,0.878348,0.992795
lstm-du,DU,71400,479.66,487.093,490.083,148855.58,0.927647,0.93211,0.878409,0.992805
lstm-du,DU,71500,483.64,543.019,567.106,147837.13,0.92758,0.932044,0.878305,0.992787
lstm-du,DU,71600,482.284,524.473,558.444,148460.3,0.927514,0.931981,0.878186,0.992796
lstm-du,DU,71700,480.643,490.152,550.454,149175.02,0.927448,0.931909,0.878074,0.992777
lstm-du,DU,71800,480.951,487.325,490.336,149287.61,0.927479,0.931934,0.87811,0.992787
lstm-du,DU,71900,479.862,485.282,557.908,149834.61,0.927441,0.931903,0.878069,0.992769
lstm-du,DU,72000,481.017,487.577,490.618,149682.85,0.927417,0.931875,0.878012,0.992778
lstm-du,DU,72100,479.532,484.584,562.528,150354.96,0.92742,0.931866,0.87799,0.992787
lstm-du,DU,72200,480.554,487.322,536.697,150243.21,0.927424,0.931865,0.87798,0.992796
lstm-du,DU,72300,481.241,512.255,562.373,150236.43,0.927372,0.931817,0.877887,0.992806
lstm-du,DU,72400,483.234,553.391,574.03,149823.94,0.927334,0.931779,0.877813,0.992815
lstm-du,DU,72500,482.45,520.709,564.936,150274.56,0.927421,0.931878,0.877979,0.992828
lstm-du,DU,72600,480.323,485.943,565.105,151148.33,0.927397,0.931856,0.877954,0.99281
lstm-du,DU,72700,482.355,549.101,568.264,150718.8,0.9274,0.931863,0.877959,0.99282
lstm-du,DU,72800,480.175,489.575,555.958,151611.42,0.927418,0.931876,0.877973,0.99283
lstm-du,DU,72900,481.12,490.197,558.093,151521.29,0.927394,0.931875,0.877983,0.992815
lstm-du,DU,73000,483.844,554.513,564.845,150875.15,0.927397,0.931894,0.878009,0.992826
lstm-du,DU,73100,484.17,550.015,575.031,150979.93,0.927332,0.931838,0.877901,0.992836
lstm-du,DU,73200,486.233,559.585,566.529,150545.24,0.927322,0.931828,0.877876,0.992846
lstm-du,DU,73300,482.924,537.769,567.12,151783.84,0.92734,0.931852,0.877911,0.992856
lstm-du,DU,73400,485.916,560.099,577.452,151054.82,0.92733,0.931832,0.877868,0.992865
lstm-du,DU,73500,482.662,524.561,561.979,152280.45,0.927347,0.931844,0.877883,0.992874
lstm-du,DU,73600,487.67,564.603,572.953,150921.63,0.927351,0.931857,0.877918,0.992858
lstm-du,DU,73700,487.046,554.25,568.355,151320.55,0.927327,0.931837,0.877874,0.992867
lstm-du,DU,73800,483.104,533.93,578.264,152762.27,0.927331,0.931837,0.877889,0.99285
lstm-du,DU,73900,487.644,560.19,565.284,151545.0,0.927348,0.93187,0.877938,0.992861
lstm-du,DU,74000,489.443,568.738,574.086,151192.19,0.927365,0.931901,0.878005,0.992846
lstm-du,DU,74100,488.415,560.195,566.082,151715.2,0.927341,0.931884,0.877968,0.992856
lstm-du,DU,74200,488.936,564.821,571.872,151758.17,0.927345,0.931881,0.877955,0.992865
lstm-du,DU,74300,490.026,561.334,577.73,151624.72,0.927362,0.931893,0.878011,0.992821
lstm-du,DU,74400,489.703,563.117,575.009,151928.8,0.927379,0.93191,0.878034,0.99283
lstm-du,DU,74500,491.32,566.757,576.306,151632.26,0.927409,0.931935,0.878071,0.99284
lstm-du,DU,74600,495.501,566.164,572.988,150554.7,0.927359,0.931894,0.878011,0.992823
lstm-du,DU,74700,499.966,574.535,581.007,149410.15,0.927309,0.931837,0.877945,0.992778
lstm-du,DU,74800,501.628,570.932,576.566,149114.45,0.927313,0.931834,0.877932,0.992787
lstm-du,DU,74900,492.984,563.451,576.828,151931.96,0.927303,0.931816,0.877893,0.992795
lstm-du,DU,75000,499.36,573.167,579.612,150192.18,0.927347,0.931849,0.877946,0.992804
lstm-du,DU,75100,497.31,570.856,578.115,151012.46,0.927364,0.931866,0.877968,0.992814
lstm-du,DU,75200,504.134,568.165,575.047,149166.65,0.927367,0.931866,0.877962,0.992823
lstm-du,DU,75300,503.99,572.108,576.728,149407.62,0.927331,0.931833,0.877917,0.992806
lstm-du,DU,75400,506.365,573.96,581.611,148904.3,0.927334,0.931834,0.87793,0.992789
lstm-du,DU,75500,505.109,570.97,578.812,149472.82,0.927325,0.931828,0.877953,0.992746
lstm-du,DU,75600,507.899,571.051,579.929,148848.36,0.927315,0.93182,0.877931,0.992756
lstm-du,DU,75700,505.765,575.796,581.342,149674.16,0.927279,0.931773,0.877864,0.992738
lstm-du,DU,75800,508.69,575.123,578.753,149010.28,0.92719,0.931705,0.877734,0.992748
lstm-du,DU,75900,512.507,576.126,578.811,148095.51,0.92722,0.931728,0.877768,0.992757
lstm-du,DU,76000,517.414,580.021,582.106,146884.25,0.927184,0.931706,0.877761,0.992716
lstm-du,DU,76100,521.822,579.605,582.817,145835.25,0.927214,0.931733,0.877801,0.992725
lstm-du,DU,76200,516.516,574.887,581.261,147526.91,0.927218,0.931742,0.877809,0.992735
lstm-du,DU,76300,518.209,577.467,582.092,147237.89,0.927235,0.931752,0.87782,0.992744
lstm-du,DU,76400,516.561,573.257,579.25,147901.2,0.927199,0.931719,0.877755,0.992753
lstm-du,DU,76500,529.023,578.19,586.539,144606.32,0.927137,0.931654,0.877634,0.992762
lstm-du,DU,76600,519.497,576.053,581.248,147450.33,0.927141,0.931662,0.877639,0.992771
lstm-du,DU,76700,525.159,576.487,583.466,146051.07,0.927132,0.931644,0.877621,0.992754
lstm-du,DU,76800,528.502,580.394,583.364,145316.46,0.927109,0.931628,0.877606,0.992738
lstm-du,DU,76900,527.916,579.266,582.879,145667.06,0.927087,0.931598,0.877545,0.992746
lstm-du,DU,77000,498.732,571.129,581.036,154391.5,0.927065,0.931581,0.877528,0.99273
lstm-du,DU,77100,526.763,581.225,582.33,146365.53,0.927069,0.931599,0.877552,0.992741
lstm-du,DU,77200,502.421,573.391,578.306,153655.85,0.927073,0.931602,0.877549,0.99275
lstm-du,DU,77300,524.819,575.057,582.102,147288.86,0.927089,0.931619,0.877572,0.99276
lstm-du,DU,77400,501.009,569.411,579.656,154488.23,0.92708,0.931591,0.877517,0.992767
lstm-du,DU,77500,540.074,582.084,586.511,143498.95,0.92711,0.931621,0.877563,0.992776
lstm-du,DU,77600,513.591,571.689,578.521,151092.92,0.927152,0.931667,0.877636,0.992787
lstm-du,DU,77700,539.81,580.402,587.122,143939.64,0.92713,0.931638,0.877579,0.992795
lstm-du,DU,77800,507.042,576.313,579.477,153439.0,0.927134,0.931647,0.877587,0.992805
lstm-du,DU,77900,546.057,580.941,586.816,142658.97,0.927099,0.931617,0.877566,0.992763
lstm-du,DU,78000,508.673,577.778,582.131,153340.06,0.92709,0.931616,0.877557,0.992773
lstm-du,DU,78100,558.912,581.652,582.567,139735.65,0.927068,0.931601,0.877522,0.992783
lstm-du,DU,78200,520.939,575.049,581.254,150113.54,0.927046,0.931568,0.877477,0.992765
lstm-du,DU,78300,557.836,583.263,584.777,140363.77,0.927037,0.931569,0.877471,0.992775
lstm-du,DU,78400,525.958,579.816,585.231,149061.23,0.927015,0.93155,0.877451,0.992759
lstm-du,DU,78500,562.482,582.067,582.632,139559.91,0.927006,0.931538,0.877422,0.992767
lstm-du,DU,78600,559.182,582.419,610.11,140562.37,0.927023,0.931561,0.877456,0.992778
lstm-du,DU,78700,563.891,581.768,586.453,139566.06,0.927014,0.931552,0.877433,0.992787
lstm-du,DU,78800,567.545,581.783,583.028,138843.67,0.927018,0.931558,0.877455,0.992771
lstm-du,DU,78900,568.089,581.161,582.092,138886.77,0.926996,0.931546,0.877426,0.992781
lstm-du,DU,79000,568.706,581.3,586.003,138911.89,0.926962,0.931517,0.877367,0.99279
lstm-du,DU,79100,568.081,581.625,582.433,139240.83,0.926941,0.931492,0.877336,0.992773
lstm-du,DU,79200,539.665,583.477,589.348,146757.8,0.92697,0.931513,0.877367,0.992782
lstm-du,DU,79300,568.717,582.457,599.78,139436.72,0.926974,0.931525,0.8774,0.992767
lstm-du,DU,79400,542.172,581.556,585.693,146448.09,0.92694,0.931486,0.877344,0.99275
lstm-du,DU,79500,568.933,581.522,583.066,139735.29,0.926943,0.931485,0.877336,0.992758
lstm-du,DU,79600,548.216,583.176,589.512,145198.16,0.92696,0.931507,0.877366,0.992768
lstm-du,DU,79700,568.928,581.748,617.408,140088.1,0.926939,0.931493,0.877335,0.992778
lstm-du,DU,79800,569.907,581.953,593.483,140022.82,0.926892,0.93146,0.877268,0.992787
lstm-du,DU,79900,570.84,581.464,582.105,139969.27,0.926871,0.931445,0.877235,0.992797
lstm-du,DU,80000,570.12,581.692,584.101,140321.31,0.926813,0.931383,0.877138,0.99278
